index,이름,종목
1,Bitcoin,BTC
2,XRP,XRP
3,Ethereum,ETH
4,Stellar,XLM
5,Tether,USDT
6,Bitcoin Cash,BCH
7,EOS,EOS
8,Bitcoin SV,BSV
9,Litecoin,LTC
10,TRON,TRX
11,Cardano,ADA
12,Monero,XMR
13,IOTA,MIOTA
14,NEM,XEM
15,Binance Coin,BNB
16,Dash,DASH
17,Ethereum Classic,ETC
18,NEO,NEO
19,Zcash,ZEC
20,Dogecoin,DOGE
21,Maker,MKR
22,Tezos,XTZ
23,TrueUSD,TUSD
24,VeChain,VET
25,Bitcoin Gold,BTG
26,USD Coin,USDC
27,OmiseGO,OMG
28,Paxos Standar...,PAX
29,0x,ZRX
30,Basic Attenti...,BAT
31,Ontology,ONT
32,Waves,WAVES
33,Qtum,QTUM
34,Decred,DCR
35,Lisk,LSK
36,Nano,NANO
37,Zilliqa,ZIL
38,Bytecoin,BCN
39,Bitcoin Diamond,BCD
40,DigiByte,DGB
41,BitShares,BTS
42,ICON,ICX
43,Aurora,AOA
44,Siacoin,SC
45,Aeternity,AE
46,Factom,FCT
47,Verge,XVG
48,Gemini Dollar,GUSD
49,Pundi X,NPXS
50,Chainlink,LINK
51,Steem,STEEM
52,QASH,QASH
53,Bytom,BTM
54,MaidSafeCoin,MAID
55,Augur,REP
56,Populous,PPT
57,Golem,GNT
58,Stratis,STRAT
59,Komodo,KMD
60,Revain,R
61,Holo,HOT
62,Decentraland,MANA
63,Dai,DAI
64,Cryptonex,CNX
65,WAX,WAX
66,Huobi Token,HT
67,Electroneum,ETN
68,DEX,DEX
69,Ardor,ARDR
70,Status,SNT
71,IOST,IOST
72,MobileGo,MGO
73,ODEM,ODE
74,Bitcoin Private,BTCP
75,KuCoin Shares,KCS
76,Insight Chain,INB
77,Nexo,NEXO
78,Waltonchain,WTC
79,Elastos,ELA
80,Linkey,LKY
81,STASIS EURS,EURS
82,Metaverse ETP,ETP
83,QuarkChain,QKC
84,Wanchain,WAN
85,TenX,PAY
86,Ravencoin,RVN
87,ReddCoin,RDD
88,Mithril,MITH
89,Ark,ARK
90,THETA,THETA
91,MOAC,MOAC
92,Polymath,POLY
93,Bancor,BNT
94,PIVX,PIVX
95,Centrality,CENNZ
96,Aion,AION
97,Crypto.com,MCO
98,aelf,ELF
99,GXChain,GXS
100,Loopring,LRC
101,Nxt,NXT
102,Mixin,XIN
103,HyperCash,HC
104,Loom Network,LOOM
105,Endor Protocol,EDR
106,Zcoin,XZC
107,MonaCoin,MONA
108,DigixDAO,DGD
109,Horizen,ZEN
110,Power Ledger,POWR
111,Veritaseum,VERI
112,Dentacoin,DCN
113,ProximaX,XPX
114,Nebulas,NAS
115,Digitex Futures,DGTX
116,XYO Network,XYO
117,Kin,KIN
118,Byteball Bytes,GBYTE
119,WaykiChain,WICC
120,Nectar,NEC
121,SmartCash,SMART
122,Nasdacoin,NSD
123,Enjin Coin,ENJ
124,Dropil,DROP
125,FunFair,FUN
126,BHPCash,BHPC
127,Smartlands,SLT
128,Credo,CREDO
129,BOScoin,BOS
130,SIRIN LABS Token,SRN
131,Gold Bits Coin,GBC
132,CyberMiles,CMT
133,Eidoo,EDO
134,Enigma,ENG
135,SingularityNET,AGI
136,Spectre.ai Di...,SXDT
137,Civic,CVC
138,Kyber Network,KNC
139,Maximine Coin,MXM
140,Gas,GAS
141,Fusion,FSN
142,Bibox Token,BIX
143,Storj,STORJ
144,SALT,SALT
145,Syscoin,SYS
146,Iconomi,ICN
147,Dragonchain,DRGN
148,Substratum,SUB
149,Bread,BRD
150,Dynamic Tradi...,DTR
151,Cortex,CTXC
152,Nuls,NULS
153,Dent,DENT
154,Request Network,REQ
155,Groestlcoin,GRS
156,Tokenomy,TEN
157,GoChain,GO
158,PumaPay,PMA
159,Darico Ecosys...,DEC
160,Unobtanium,UNO
161,Genesis Vision,GVT
162,PRIZM,PZM
163,Nexus,NXS
164,Optimal Shelf...,OSA
165,Particl,PART
166,iExec RLC,RLC
167,Energi,NRG
168,Peercoin,PPC
169,Cindicator,CND
170,THEKEY,TKY
171,ETERNAL TOKEN,XET
172,Republic Prot...,REN
173,Odyssey,OCN
174,Credits,CS
175,APIS,APIS
176,Telcoin,TEL
177,Emercoin,EMC
178,Quant,QNT
179,Mainframe,MFT
180,Aragon,ANT
181,Gnosis,GNO
182,Moeda Loyalty...,MDA
183,Neblio,NEBL
184,Neumark,NEU
185,TokenPay,TPAY
186,Storm,STORM
187,OneRoot Network,RNT
188,BnkToTheFuture,BFT
189,Vitae,VITAE
190,Wagerr,WGR
191,STACS,STACS
192,Burst,BURST
193,RChain,RHOC
194,Santiment Net...,SAN
195,CRYPTO20,C20
196,Bezant,BZNT
197,Noah Coin,NOAH
198,Ignis,IGNIS
199,Gifto,GTO
200,Po.et,POE
201,DMarket,DMT
202,Everipedia,IQ
203,Scry.info,DDD
204,OST,OST
205,Streamr DATAcoin,DATA
206,TokenClub,TCT
207,IoTeX,IOTX
208,Cube,AUTO
209,Vertcoin,VTC
210,Ubiq,UBQ
211,Matrix AI Net...,MAN
212,Einsteinium,EMC2
213,Pillar,PLR
214,TrueChain,TRUE
215,Gulden,NLG
216,BridgeCoin,BCO
217,ARBITRAGE,ARB
218,WhiteCoin,XWC
219,Bluzelle,BLZ
220,Raiden Networ...,RDN
221,Moss Coin,MOC
222,Safe Exchange...,SAFEX
223,bitCNY,BITCNY
224,UTRUST,UTK
225,SaluS,SLS
226,Nucleus Vision,NCASH
227,Timicoin,TMC
228,Blocknet,BLOCK
229,TomoChain,TOMO
230,High Performa...,HPB
231,Skycoin,SKY
232,Breezecoin,BRZC
233,Jibrel Network,JNT
234,AMO Coin,AMO
235,Quantum Resis...,QRL
236,BLOCKv,VEE
237,SmartMesh,SMT
238,MediBloc [ERC20],MEDX
239,Quantstamp,QSP
240,E-Dinar Coin,EDR
241,district0x,DNT
242,Own,CHX
243,Cryptaur,CPT
244,DigitalNote,XDN
245,BOX Token,BOX
246,NavCoin,NAV
247,Ambrosus,AMB
248,LEOcoin,LEO
249,BitBay,BAY
250,Ethos,ETHOS
251,Zipper,ZIP
252,Metal,MTL
253,Steem Dollars,SBD
254,NIX,NIX
255,Loki,LOKI
256,Crypterium,CRPT
257,Arcblock,ABT
258,ETHLend,LEND
259,MediBloc [QRC20],MED
260,Ruff,RUFF
261,Wowbit,WWB
262,BABB,BAX
263,Time New Bank,TNB
264,Namecoin,NMC
265,Propy,PRO
266,Cosmo Coin,COSM
267,COSS,COSS
268,Cred,LBA
269,SONM,SNM
270,NAGA,NGC
271,ZrCoin,ZRC
272,Apollo Currency,APL
273,Quanta Utilit...,QNTU
274,Bitcoin Interest,BCI
275,Swarm,SWM
276,Sakura Bloom,SKB
277,Insolar,INS
278,Rotharium,RTH
279,Red Pulse Pho...,PHX
280,Genaro Network,GNX
281,Modum,MOD
282,IoT Chain,ITC
283,TokenCard,TKN
284,DATA,DTA
285,AdEx,ADX
286,ParkinGo,GOT
287,NaPoleonX,NPX
288,Wings,WINGS
289,TrueDeck,TDP
290,Edgeless,EDG
291,Stakenet,XSN
292,Viacoin,VIA
293,Nexty,NTY
294,Buggyra Coin ...,BCZERO
295,Loopring [NEO],LRN
296,LockTrip,LOC
297,Cashaa,CAS
298,Fantom,FTM
299,Counterparty,XCP
300,SCRL,SCRL
301,WePower,WPR
302,GINcoin,GIN
303,LoyalCoin,LYL
304,VIBE,VIBE
305,Electra,ECA
306,Mobius,MOBI
307,Selfkey,KEY
308,POA Network,POA
309,CyberVein,CVT
310,AurumCoin,AU
311,Covesting,COV
312,TTC Protocol,TTC
313,Wabi,WABI
314,Achain,ACT
315,Ripio Credit ...,RCN
316,XTRABYTES,XBY
317,Boolberry,BBR
318,OriginTrail,TRAC
319,Storiqa,STQ
320,Litecoin Cash,LCC
321,Fortuna,FOTA
322,ZClassic,ZCL
323,Tripio,TRIO
324,SingularDTV,SNGLS
325,Veros,VRS
326,Ecoreal Estate,ECOREAL
327,Hydro,HYDRO
328,Pascal Coin,PASC
329,CloakCoin,CLOAK
330,CrypticCoin,CRYP
331,BitKan,KAN
332,Content Neutr...,CNN
333,doc.com Token,MTC
334,DEW,DEW
335,ToaCoin,TOA
336,Clams,CLAM
337,Internet Node...,INT
338,DAPS Token,DAPS
339,Restart Energ...,MWAT
340,Haven Protocol,XHV
341,REPO,REPO
342,Blox,CDT
343,VITE,VITE
344,EvenCoin,EVN
345,bitUSD,BITUSD
346,Lympo,LYM
347,BitNewChain,BTN
348,Metronome,MET
349,Asch,XAS
350,B2BX,B2B
351,PCHAIN,PAI
352,Primecoin,XPM
353,LBRY Credits,LBC
354,Tierion,TNT
355,Dero,DERO
356,Game.com,GTC
357,Metadium,META
358,Linda,LINDA
359,All Sports,SOC
360,Mercury,MER
361,LGO Exchange,LGO
362,Happycoin,HPC
363,TRONCLASSIC,TRXC
364,Bitcore,BTX
365,ION,ION
366,FairCoin,FAIR
367,IHT Real Esta...,IHT
368,MediShares,MDS
369,Refereum,RFR
370,Presearch,PRE
371,GameCredits,GAME
372,Bitcoin Green,BITG
373,QLC Chain,QLC
374,SPINDLE,SPD
375,SophiaTX,SPHTX
376,CPChain,CPC
377,Blocktix,TIX
378,BANKEX,BKX
379,PACcoin,$PAC
380,Rublix,RBLX
381,Polybius,PLBT
382,Paragon,PRG
383,Apex,CPX
384,Ternio,TERN
385,Mothership,MSP
386,Flash,FLASH
387,ALQO,XLQ
388,Everex,EVX
389,FLO,FLO
390,Bit-Z Token,BZ
391,Humanscape,HUM
392,Dock,DOCK
393,Dignity,DIG
394,HalalChain,HLC
395,AirSwap,AST
396,Bottos,BTO
397,YOYOW,YOYOW
398,Primas,PST
399,Bitcoin Atom,BCA
400,Bulwark,BWK
401,AppCoins,APPC
402,HorusPay,HORUS
403,TE-FOOD,TFD
404,Feathercoin,FTC
405,SpankChain,SPANK
406,Omnitude,ECOM
407,Seele,SEELE
408,Viberate,VIB
409,Robotina,ROX
410,Travala.com,AVA
411,Melon,MLN
412,DECENT,DCT
413,Xaurum,XAUR
414,Etherparty,FUEL
415,Numeraire,NMR
416,TaTaTu,TTU
417,Patron,PAT
418,LATOKEN,LA
419,Envion,EVN
420,Monetha,MTH
421,HTMLCOIN,HTML
422,Aeon,AEON
423,Bismuth,BIS
424,Shift,SHIFT
425,Unikoin Gold,UKG
426,Mass Vehicle ...,MVL
427,Moneytoken,IMT
428,Pepe Cash,PEPECASH
429,DeepBrain Chain,DBC
430,Zen Protocol,ZP
431,ECC,ECC
432,BlackCoin,BLK
433,Cobinhood,COB
434,Synthetix Net...,SNX
435,INO COIN,INO
436,BitTube,TUBE
437,KickCoin,KICK
438,Digix Gold Token,DGX
439,Six Domain Chain,SDA
440,RevolutionVR,RVR
441,Vipstar Coin,VIPS
442,eosDAC,EOSDAC
443,Zeepin,ZPT
444,Lamden,TAU
445,Everus,EVR
446,Blue Whale Token,BWX
447,adToken,ADT
448,Diamond,DMD
449,Lunyr,LUN
450,0chain,ZCN
451,SafeInsure,SINS
452,SwissBorg,CHSB
453,ATN,ATN
454,Playgroundz,IOG
455,Aeron,ARN
456,Sentinel Prot...,UPP
457,SwftCoin,SWFTC
458,Peerplays,PPY
459,WeShow Token,WET
460,CanonChain,CZR
461,Insureum,ISR
462,ICE ROCK MINING,ROCK2
463,NKN,NKN
464,DADI,DADI
465,Bloom,BLT
466,Callisto Network,CLO
467,TV-TWO,TTV
468,Hi Mutual Soc...,HMC
469,MinexCoin,MNX
470,NANJCOIN,NANJ
471,QunQun,QUN
472,SpaceChain,SPC
473,Phore,PHR
474,Eden,EDN
475,XEL,XEL
476,BlockMason Cr...,BCPT
477,Graft,GRFT
478,Global Curren...,GCR
479,Blackmoon,BMC
480,Myriad,XMY
481,Scorum Coins,SCR
482,Ink,INK
483,Business Cred...,BCAC
484,Smartshare,SSP
485,XinFin Network,XDCE
486,MonetaryUnit,MUE
487,Agrello,DLT
488,AVINOC,AVINOC
489,Polis,POLIS
490,Dimecoin,DIME
491,CEEK VR,CEEK
492,Waves Communi...,WCT
493,ColossusXT,COLX
494,Divi,DIVI
495,DxChain Token,DX
496,Bean Cash,BITB
497,BrahmaOS,BRM
498,Crown,CRW
499,DecentBet,DBET
500,Hiveterminal ...,HVN
501,GET Protocol,GET
502,Consensus,SEN
503,RealTract,RET
504,Experience Po...,XP
505,PotCoin,POT
506,Sentinel,SENT
507,Electrify.Asia,ELEC
508,Brickblock,BBK
509,Hubii Network,HBT
510,FansTime,FTI
511,Online,OIO
512,Switcheo,SWTH
513,Birake,BIR
514,Lendingblock,LND
515,GridCoin,GRC
516,YEE,YEE
517,Radium,RADS
518,Welltrado,WTL
519,Olympus Labs,MOT
520,SureRemit,RMT
521,MassGrid,MGD
522,YGGDRASH,YEED
523,HempCoin,THC
524,Lightpaycoin,LPC
525,DIMCOIN,DIM
526,FuzeX,FXT
527,Incent,INCNT
528,Distributed C...,DCC
529,I/O Coin,IOC
530,Zebi,ZCO
531,Winding Tree,LIF
532,Stealth,XST
533,Eximchain,EXC
534,BitDice,CSNO
535,ThoreCoin,THR
536,Sharpay,S
537,Ivy,IVY
538,Flixxo,FLIXX
539,Blockport,BPT
540,DATx,DATX
541,LUXCoin,LUX
542,carVertical,CV
543,XMax,XMX
544,Rise,RISE
545,Pal Network,PAL
546,VeriCoin,VRC
547,Ulord,UT
548,UpToken,UP
549,U Network,UUU
550,SIX,SIX
551,Peculium,PCL
552,KARMA,KARMA
553,PolySwarm,NCT
554,MktCoin,MLM
555,Decision Token,HST
556,Delphy,DPY
557,OAX,OAX
558,NeuroChain,NCC
559,Hydro Protocol,HOT
560,OWNDATA,OWN
561,Remme,REM
562,Bezop,BEZ
563,EDUCare,EKT
564,IXT,IXT
565,Skrumble Network,SKM
566,MARK.SPACE,MRK
567,ATC Coin,ATCC
568,LocalCoinSwap,LCS
569,EBCoin,EBC
570,TRAXIA,TMT
571,CVCoin,CVN
572,LinkEye,LET
573,ChatCoin,CHAT
574,Etheroll,DICE
575,Yocoin,YOC
576,HyperSpace,AMP
577,Soarcoin,SOAR
578,Nimiq,NIM
579,AI Doctor,AIDOC
580,Blocktrade Token,BTT
581,CargoX,CXO
582,DeepOnion,ONION
583,Niobium Coin,NBC
584,Global Social...,GSC
585,Humaniq,HMQ
586,Ubex,UBEX
587,Xriba,XRA
588,CashBet Coin,CBC
589,DACSEE,DACS
590,MintCoin,MINT
591,Semux,SEM
592,Liquidity Net...,LQD
593,Dotcoin,DOT
594,Auroracoin,AUR
595,DomRaider,DRT
596,HashCoin,HSC
597,Pura,PURA
598,aXpire,AXPR
599,HollyWoodCoin,HWC
600,Karma,KRM
601,Unibright,UBT
602,LINA,LINA
603,ZelCash,ZEL
604,Circuits of V...,COVAL
605,Gambit,GAM
606,ZMINE,ZMN
607,Paypex,PAYX
608,Snetwork,SNET
609,Bitcoin Incog...,XBI
610,Phantasma,SOUL
611,POPCHAIN,PCH
612,STK,STK
613,Zephyr,ZEPH
614,Kcash,KCASH
615,Russian Miner...,RMC
616,Databits,DTB
617,Howdoo,UDOO
618,Cardstack,CARD
619,Banca,BANCA
620,PRASM,PSM
621,ZPER,ZPR
622,RightMesh,RMESH
623,UNIVERSAL CASH,UCASH
624,SunContract,SNC
625,SUQA,SUQA
626,FarmaTrust,FTT
627,BitSend,BSD
628,Hacken,HKN
629,NewYorkCoin,NYC
630,EnergiToken,ETK
631,Sharder,SS
632,Morpheus.Network,MRPH
633,MidasProtocol,MAS
634,DAEX,DAX
635,Musicoin,MUSIC
636,Matchpool,GUP
637,Grid+,GRID
638,Effect.AI,EFX
639,Nebula AI,NBAI
640,Tolar,TOL
641,Cappasity,CAPP
642,Chronobank,TIME
643,Omni,OMNI
644,DAV Coin,DAV
645,Airbloc,ABL
646,DAOstack,GEN
647,Gems,GEM
648,Zeusshield,ZSC
649,Solaris,XLR
650,Crowd Machine,CMCT
651,Gentarium,GTM
652,TraDove B2BCoin,BBC
653,TrueFlip,TFL
654,DeviantCoin,DEV
655,VINchain,VIN
656,BitMart Token,BMX
657,Litex,LXT
658,Stellite,XTL
659,Masari,MSR
660,SolarCoin,SLR
661,Ormeus Coin,ORME
662,EXRNchain,EXRN
663,indaHash,IDH
664,Gene Source C...,GENE
665,Ethersocial,ESN
666,Sphere,SPHR
667,WABnetwork,WAB
668,HiCoin,XHI
669,ugChain,UGC
670,Egretia,EGT
671,Patientory,PTOY
672,GoByte,GBX
673,GoNetwork,GOT
674,Molecule,MOL
675,Neurotoken,NTK
676,Ink Protocol,XNK
677,GeoCoin,GEO
678,Spectre.ai Ut...,SXUT
679,Novacoin,NVC
680,On.Live,ONL
681,sUSD,SUSD
682,ContentBox,BOX
683,Constellation,DAG
684,Experty,EXY
685,Swarm City,SWT
686,SIBCoin,SIB
687,SelfSell,SSC
688,AirWire,WIRE
689,Expanse,EXP
690,OKCash,OK
691,EncrypGen,DNA
692,Capricoin,CPC
693,Medicalchain,MTN
694,Shivom,OMX
695,Trinity Netwo...,TNC
696,Dovu,DOV
697,GoldCoin,GLD
698,WeAreSatoshi,WSX
699,Golos,GOLOS
700,Bodhi,BOT
701,Banyan Network,BBN
702,Vexanium,VEX
703,NoLimitCoin,NLC2
704,Morpheus Labs,MITX
705,Aventus,AVT
706,Cryptosolartech,CST
707,DubaiCoin,DBIX
708,Formosa Finan...,FMF
709,TrustNote,TTT
710,Curecoin,CURE
711,CommerceBlock,CBT
712,PAYCENT,PYN
713,4NEW,KWATT
714,Turtlecoin,TRTL
715,Qwark,QWARK
716,The Abyss,ABYSS
717,Pirl,PIRL
718,Nework,NKC
719,Ifoods Chain,IFOOD
720,Debitum,DEB
721,Hashgard,GARD
722,Merculet,MVP
723,Autonio,NIO
724,BOXX Token [B...,BOXX
725,Silent Notary,SNTR
726,Olive,OLE
727,CYCLEAN,CCL
728,OneLedger,OLT
729,BDT Token,BDT
730,MIB Coin,MIB
731,Dynamic,DYN
732,QChi,QCH
733,42-coin,42
734,Zap,ZAP
735,Fox Trading,FOXT
736,X8X Token,X8X
737,DNotes,NOTE
738,Syndicate,SYNX
739,ArtByte,ABY
740,WeTrust,TRST
741,SHIELD,XSH
742,Sharpe Platfo...,SHP
743,EchoLink,EKO
744,LogisCoin,LGS
745,RED,RED
746,LatiumX,LATX
747,CoinPoker,CHP
748,Energo,TSL
749,AdShares,ADST
750,AidCoin,AID
751,Insights Network,INSTAR
752,Kleros,PNK
753,Measurable Da...,MDT
754,Friendz,FDZ
755,Arionum,ARO
756,Uquid Coin,UQC
757,BitDegree,BDG
758,Qbao,QBT
759,1World,1WO
760,Global Awards...,GAT
761,Digital Asset...,DAGT
762,VouchForMe,IPL
763,Education Eco...,LEDU
764,PinkCoin,PINK
765,Kore,KORE
766,LIFE,LIFE
767,ExclusiveCoin,EXCL
768,Upfiring,UFR
769,Forkcoin,FORK
770,0xBitcoin,0xBTC
771,Stox,STX
772,Tokes,TKS
773,Global Crypto...,GCC
774,Bitcoin Plus,XBC
775,Arbidex,ABX
776,FLIP,FLP
777,HOQU,HQX
778,REBL,REBL
779,SiaCashCoin,SCC
780,ATLANT,ATL
781,Mallcoin,MLC
782,Cashbery Coin,CBC
783,Datum,DAT
784,Atonomi,ATMI
785,Miners' Rewar...,MRT
786,Playkey,PKT
787,NPER,NPER
788,Snovian.Space,SNOV
789,Alphacat,ACAT
790,StrongHands,SHND
791,OptiToken,OPTI
792,Truegame,TGAME
793,Starbase,STAR
794,adbank,ADB
795,AICHAIN,AIT
796,MyBit,MYB
797,Datawallet,DXT
798,BitcoinZ,BTCZ
799,VULCANO,VULC
800,AC3,AC3
801,Internet of P...,IOP
802,Memetic / Pep...,MEME
803,Acute Angle C...,AAC
804,EventChain,EVC
805,Sprouts,SPRTS
806,Niobio Cash,NBR
807,Devery,EVE
808,Zero,ZER
809,Dether,DTH
810,BitScreener T...,BITX
811,ProChain,PRA
812,Colu Local Ne...,CLN
813,Helbiz,HBZ
814,Invacio,INV
815,IP Exchange,IPSX
816,Coinsuper Eco...,CEN
817,CanYaCoin,CAN
818,UChain,UCN
819,Blue Protocol,BLUE
820,EDRCoin,EDRC
821,Rate3,RTE
822,HeroNode,HER
823,Block Array,ARY
824,BitRent,RNTB
825,Internxt,INXT
826,Bettex Coin,BTXC
827,Zilla,ZLA
828,AiLink Token,ALI
829,CoinFi,COFI
830,ATMChain,ATM
831,Clipper Coin,CCCX
832,HEROcoin,PLAY
833,SRCOIN,SRCOIN
834,FintruX Network,FTX
835,PikcioChain,PKC
836,LikeCoin,LIKE
837,Ergo,EFYT
838,TransferCoin,TX
839,Ryo Currency,RYO
840,Helium,HLM
841,Worldcore,WRC
842,Swisscoin,SIC
843,DOWCOIN,DOW
844,Zippie,ZIPT
845,Bela,BELA
846,Bethereum,BETHER
847,SkinCoin,SKIN
848,JET8,J8T
849,ZCore,ZCR
850,Privatix,PRIX
851,Aphelion,APH
852,Sp8de,SPX
853,Eristica,ERT
854,BiblePay,BBP
855,MTC Mesh Network,MTC
856,Thrive Token,THRT
857,Relex,RLX
858,BitClave,CAT
859,LiteDoge,LDOGE
860,VeriumReserve,VRM
861,HeartBout,HB
862,Pareto Network,PARETO
863,Daneel,DAN
864,Thingschain,TIC
865,Matryx,MTX
866,Bounty0x,BNTY
867,Traceability ...,TAC
868,Faceter,FACE
869,Giant,GIC
870,SURETY,SURE
871,Lethean,LTHN
872,InterValue,INVE
873,Menlo One,ONE
874,FedoraCoin,TIPS
875,Denarius,D
876,Terracoin,TRC
877,Credit Tag Chain,CTC
878,BetterBetting,BETR
879,NuBits,USNBT
880,TrakInvest,TRAK
881,LALA World,LALA
882,FREE Coin,FREE
883,Woodcoin,LOG
884,Trittium,TRTT
885,White Standard,WSD
886,XcelToken,XCEL
887,EncryptoTel [...,ETT
888,Profile Utili...,PUT
889,Bob's Repair,BOB
890,Akroma,AKA
891,MyWish,WISH
892,Social Send,SEND
893,Argentum,ARG
894,Adelphoi,ADL
895,JSECOIN,JSE
896,smARTOFGIVING,AOG
897,Nexium,NXC
898,BoutsPro,BOUTS
899,Fire Lotto,FLOT
900,CryptoCarbon,CCRB
901,MedicCoin,MEDIC
902,Tokenbox,TBX
903,Guaranteed Et...,GETX
904,Karbo,KRB
905,GoldMint,MNTP
906,IDEX Membership,IDXM
907,HOLD,HOLD
908,eBoost,EBST
909,Rentberry,BERRY
910,Elixir,ELIX
911,Pundi X NEM,NPXSXEM
912,DopeCoin,DOPE
913,CannabisCoin,CANN
914,Travelflex,TRF
915,Indorse Token,IND
916,Etheera,ETA
917,Sumokoin,SUMO
918,Apollon,XAP
919,SnowGem,XSG
920,Wixlar,WIX
921,Dinastycoin,DCY
922,DPRating,RATING
923,iEthereum,IETH
924,Utrum,OOT
925,Coin Lion,LION
926,FSBT API Token,FSBT
927,Stipend,SPD
928,Kora Network ...,KNT
929,MNPCoin,MNP
930,RefToken,REF
931,QuadrantProtocol,EQUAD
932,GenesisX,XGS
933,Proton Token,PTT
934,Vivid Coin,VIVID
935,IQeon,IQN
936,eBitcoin,EBTC
937,AdHive,ADH
938,Kryll,KRL
939,XMCT,XMCT
940,Bitzeny,ZNY
941,BitCoen,BEN
942,Universal Cur...,UNIT
943,NobleCoin,NOBL
944,Ethereum Meta,ETHM
945,Pluton,PLU
946,Neutron,NTRN
947,VeriME,VME
948,Maverick Chain,MVC
949,SnodeCoin,SND
950,bitJob,STU
951,Bonpay,BON
952,MetaMorph,METM
953,CarTaxi Token,CTX
954,SkyHub Coin,SHB
955,Repme,RPM
956,CROAT,CROAT
957,Skeincoin,SKC
958,ClearCoin,XCLR
959,ShareX,SEXC
960,FUTURAX,FTXT
961,ATBCoin,ATB
962,Kalkulus,KLKS
963,Pylon Network,PYLNT
964,Sapien,SPN
965,Oceanlab,OCL
966,Cpollo,CPLO
967,Parkgene,GENE
968,Nullex,NLX
969,The ChampCoin,TCC
970,Penguin Coin,PENG
971,Monoeci,XMCC
972,WandX,WAND
973,CoinToGo,2GO
974,Bigbom,BBO
975,Freyrchain,FREC
976,StarterCoin,STAC
977,HunterCoin,HUC
978,Paymon,PMNT
979,Bodhi [ETH],BOE
980,Rupee,RUP
981,EtherGem,EGEM
982,Auctus,AUC
983,Leadcoin,LDC
984,Galactrum,ORE
985,Jury.Online T...,JOT
986,Naviaddress,NAVI
987,Quantis Network,QUAN
988,RealChain,RCT
989,AB-Chain RTB,RTB
990,SoMee.Social,ONG
991,EverGreenCoin,EGC
992,SportyCo,SPF
993,Octoin Coin,OCC
994,Castle,CSTL
995,ACE (TokenStars),ACE
996,GCN Coin,GCN
997,Blocklancer,LNC
998,CyberFM,CYFM
999,Open Trading ...,OTN
1000,Soma,SCT
1001,DaTa eXchange,DTX
1002,EXMR,EXMR
1003,Ether-1,ETHO
1004,SyncFab,MFG
1005,EZToken,EZT
1006,Mao Zedong,MAO
1007,TrezarCoin,TZC
1008,PutinCoin,PUT
1009,More Coin,MORE
1010,BlitzPredict,XBP
1011,BEAT,BEAT
1012,Zetacoin,ZET
1013,CFun,CFUN
1014,Kolion,KLN
1015,CryptoFlow,CFL
1016,NuShares,NSR
1017,CampusCoin,CMPCO
1018,IONChain,IONC
1019,Hurify,HUR
1020,Webcoin,WEB
1021,Cazcoin,CAZ
1022,X-Cash,XCASH
1023,XDNA,XDNA
1024,BitRewards,BIT
1025,Origin Sport,ORS
1026,Mindexcoin,MIC
1027,bitSilver,BITSILVER
1028,ModulTrade,MTRC
1029,Sharechain,SSS
1030,Xchange,XCG
1031,Italian Lira,ITL
1032,Actinium,ACM
1033,Teloscoin,TELOS
1034,Condominium,CDM
1035,Webchain,WEB
1036,Coinlancer,CL
1037,Provoco Token,VOCO
1038,Deutsche eMark,DEM
1039,Bitcoin Token,BTK
1040,Iungo,ING
1041,EUNOMIA,ENTS
1042,No BS Crypto,NOBS
1043,MMOCoin,MMO
1044,ZINC,ZINC
1045,Gold Poker,GPKR
1046,Engagement Token,ENGT
1047,Pigeoncoin,PGN
1048,0xcert,ZXC
1049,BitWhite,BTW
1050,Elysian,ELY
1051,Aigang,AIX
1052,APR Coin,APR
1053,MASTERNET,MASH
1054,GoHelpFund,HELP
1055,Elementrem,ELE
1056,Auxilium,AUX
1057,Rupaya,RUPX
1058,Aditus,ADI
1059,bitEUR,BITEUR
1060,Ellaism,ELLA
1061,Aegeus,AEG
1062,DraftCoin,DFT
1063,Amon,AMN
1064,ShowHand,HAND
1065,OP Coin,OPC
1066,Absolute,ABS
1067,ERC20,ERC20
1068,Project Coin,PRJ
1069,FORCE,FOR
1070,Lobstex,LOBS
1071,XGOX,XGOX
1072,Linx,LINX
1073,AllSafe,ASAFE2
1074,Beetle Coin,BEET
1075,BriaCoin,BRIA
1076,Blocknode,BND
1077,ArbitrageCT,ARCT
1078,MFIT COIN,MFIT
1079,Suretly,SUR
1080,Transcodium,TNS
1081,Jetcoin,JET
1082,nDEX,NDX
1083,IGToken,IG
1084,Litecoin Plus,LCP
1085,Alt.Estate token,ALT
1086,WITChain,WIT
1087,SCRIV NETWORK,SCRIV
1088,MicroMoney,AMM
1089,AdCoin,ACC
1090,BitMoney,BIT
1091,Ccore,CCO
1092,Datarius Credit,DTRC
1093,PrimeStone,PSC
1094,Intelligent T...,ITT
1095,Plancoin,PLAN
1096,BunnyToken,BUNNY
1097,Bitblocks,BBK
1098,Fivebalance,FBN
1099,Unify,UNIFY
1100,InflationCoin,IFLT
1101,Citadel,CTL
1102,QYNO,QNO
1103,CryptoSoul,SOUL
1104,ProCurrency,PROC
1105,Waletoken,WTN
1106,RPICoin,RPI
1107,PKG Token,PKG
1108,Crystal Token,CYL
1109,CyberMusic,CYMT
1110,Typerium,TYPE
1111,BlockMesh,BMH
1112,TokenDesk,TDS
1113,RouletteToken,RLT
1114,Altcoin,ALT
1115,XOVBank,XOV
1116,KWHCoin,KWH
1117,Tourist Token,TOTO
1118,TEAM (TokenSt...,TEAM
1119,Bitcoin X,BTX
1120,WhaleCoin,WHL
1121,AceD,ACED
1122,Phonecoin,PHON
1123,MCAP,MCAP
1124,ELTCOIN,ELTCOIN
1125,BitcoiNote,BTCN
1126,Bitcoinus,BITS
1127,Neural Protocol,NRP
1128,Ethereum Dark,ETHD
1129,Steneum Coin,STN
1130,BZLCOIN,BZL
1131,Mirai,MRI
1132,Numus,NMS
1133,Bitether,BTR
1134,VikkyToken,VIKKY
1135,Micromines,MICRO
1136,Zenswap Netwo...,ZNT
1137,Abulaba,AAA
1138,Thore Cash,TCH
1139,Sub Invest,SUBX
1140,Desire,DSR
1141,PAXEX,PAXEX
1142,Dinero,DIN
1143,Decentralized...,DATP
1144,Azart,AZART
1145,DeltaChain,DELTA
1146,SixEleven,611
1147,Bionic,BNC
1148,Havy,HAVY
1149,Nitro,NOX
1150,Nyerium,NYEX
1151,Gossipcoin,GOSS
1152,Cryptrust,CTRT
1153,Ether Kingdom...,IMP
1154,Mainstream Fo...,MFTU
1155,YoloCash,YLC
1156,Joint Ventures,JOINT
1157,KUN,KUN
1158,LiteBitcoin,LBTC
1159,Peony,PNY
1160,MODEL-X-coin,MODX
1161,RusGas,RGS
1162,BitF,BITF
1163,Bolenum,BLN
1164,Oyster,PRL
1165,United Trader...,UTT
1166,CasinoCoin,CSC
1167,Aston,ATX
1168,Lykke,LKK
1169,PlayCoin [ERC20],PLY
1170,Cofound.it,CFI
1171,Primalbase Token,PBT
1172,Universa,UTNP
1173,Rialto,XRL
1174,Ecobit,ECOB
1175,PayPie,PPP
1176,Bittwatt,BWT
1177,FirstBlood,1ST
1178,Ondori,RSTR
1179,Anoncoin,ANC
1180,Puregold Token,PGT
1181,Aurora DAO,AURA
1182,Rubycoin,RBY
1183,Pandacoin,PND
1184,OracleChain,OCT
1185,Spectrecoin,XSPEC
1186,Change,CAG
1187,TaaS,TAAS
1188,Maecenas,ART
1189,DAO.Casino,BET
1190,AsiaCoin,AC
1191,AMLT,AMLT
1192,Linfinity,LFT
1193,RoBET,ROBET
1194,TittieCoin,TIT
1195,Proxeus,XES
1196,New Power Coin,NPW
1197,Eroscoin,ERO
1198,ALAX,ALX
1199,LoMoCoin,LMC
1200,Soniq,SONIQ
1201,Coinvest,COIN
1202,Pedity,PEDI
1203,Kind Ads Token,KIND
1204,REAL,REAL
1205,Open Platform,OPEN
1206,XPA,XPA
1207,Sequence,SEQ
1208,Motocoin,MOTO
1209,ALIS,ALIS
1210,Vites,VITES
1211,Vetri,VLD
1212,Rivetz,RVT
1213,Elite,1337
1214,APX,APX
1215,Fluz Fluz,FLUZ
1216,B3Coin,KB3
1217,ShipChain,SHIP
1218,Opus,OPT
1219,Smoke,SMOKE
1220,FNKOS,FNKOS
1221,Mysterium,MYST
1222,CHIPS,CHIPS
1223,Vezt,VZT
1224,FoldingCoin,FLDC
1225,Cryptopay,CPAY
1226,COPYTRACK,CPY
1227,FoodCoin,FOOD
1228,Starta,STA
1229,bitqy,BQ
1230,savedroid,SVD
1231,SounDAC,XSD
1232,PetroDollar,XPD
1233,Noku,NOKU
1234,Espers,ESP
1235,Oxycoin,OXY
1236,Goodomy,GOOD
1237,Hexx,HXX
1238,InterCrone,ICR
1239,Gravity,GZRO
1240,Uniform Fisca...,UFO
1241,BitCrystals,BCY
1242,Vice Industry...,VIT
1243,2GIVE,2GIVE
1244,Linker Coin,LNC
1245,Quark,QRK
1246,NeosCoin,NEOS
1247,Ethbits,ETBS
1248,BlueCoin,BLU
1249,Xenon,XNN
1250,ClearPoll,POLL
1251,Sovereign Hero,HERO
1252,Leverj,LEV
1253,HEAT,HEAT
1254,Cruisebit,CRBT
1255,Bee Token,BEE
1256,Darcrus,DAR
1257,Fidelium,FID
1258,Sense,SENSE
1259,Lynx,LYNX
1260,Zeitcoin,ZEIT
1261,Atmos,ATMOS
1262,Lampix,PIX
1263,Seal Network,SEAL
1264,Sociall,SCL
1265,Manna,MANNA
1266,W3Coin,W3C
1267,Target Coin,TGT
1268,BuzzCoin,BUZZ
1269,Breakout Stake,BRX
1270,InvestFeed,IFT
1271,Gladius Token,GLA
1272,Tigereum,TIG
1273,Monster Byte,MBI
1274,Sether,SETH
1275,OBITS,OBITS
1276,Ixcoin,IXC
1277,WorldCoin,WDC
1278,Bullion,CBX
1279,Level Up Coin,LUC
1280,LOCIcoin,LOCI
1281,FidentiaX,FDX
1282,Ubcoin Market,UBC
1283,Breakout,BRK
1284,MaxCoin,MAX
1285,Hush,HUSH
1286,Qubitica,QBIT
1287,PHI Token,PHI
1288,Sentinel Chain,SENC
1289,Block-Chain.com,BC
1290,Pesetacoin,PTC
1291,e-Gulden,EFL
1292,HelloGold,HGT
1293,Publica,PBL
1294,Blockpool,BPL
1295,PitisCoin,PTS
1296,Divi Exchange...,DIVX
1297,TeslaCoin,TES
1298,EUNO,EUNO
1299,FlypMe,FYP
1300,BunnyCoin,BUN
1301,imbrex,REX
1302,Carboneum [C8...,C8
1303,Carboncoin,CARBON
1304,Spectiv,SIG
1305,Ties.DB,TIE
1306,Payfair,PFR
1307,PWR Coin,PWR
1308,Shard,SHARD
1309,HyperStake,HYP
1310,AudioCoin,ADC
1311,Narrative,NRVE
1312,I0Coin,I0C
1313,Kobocoin,KOBO
1314,Voise,VOISE
1315,SmileyCoin,SMLY
1316,Trollcoin,TROLL
1317,Monkey Project,MONK
1318,BlockCAT,CAT
1319,Universe,UNI
1320,Bitswift,BITS
1321,Ethorse,HORSE
1322,QubitCoin,Q2C
1323,Bridge Protocol,TOLL
1324,Talao,TALAO
1325,Blockpass,PASS
1326,SIMDAQ,SMQ
1327,PopularCoin,POP
1328,Condensate,RAIN
1329,Rookiecoin,RKC
1330,Bitibu Coin,BTB
1331,BioCoin,BIO
1332,Zennies,ZENI
1333,Cryptonite,XCN
1334,Orbitcoin,ORB
1335,Equal,EQL
1336,Signals Network,SGN
1337,Chronologic,DAY
1338,Decentralized...,DML
1339,RussiaCoin,RC
1340,STRAKS,STAK
1341,PoSW Coin,POSW
1342,EquiTrader,EQT
1343,Verify,CRED
1344,Photon,PHO
1345,Gainer,GNR
1346,CryptoPing,PING
1347,WomenCoin,WOMEN
1348,BLOC.MONEY,BLOC
1349,808Coin,808
1350,PRiVCY,PRIV
1351,Helleniccoin,HNC
1352,KekCoin,KEK
1353,Hackspace Cap...,HAC
1354,Blockchain Ce...,BCDT
1355,FundRequest,FND
1356,ZEST,ZEST
1357,FujiCoin,FJC
1358,Knoxstertoken,FKX
1359,Biotron,BTRN
1360,DigitalPrice,DP
1361,IncaKoin,NKA
1362,PeepCoin,PCN
1363,Digital Insur...,DIT
1364,NEVERDIE,NDC
1365,Vsync,VSX
1366,Commodity Ad ...,CDX
1367,bitGold,BITGOLD
1368,Fabric Token,FT
1369,Rapids,RPD
1370,DCORP Utility,DRPU
1371,FantasyGold,FGC
1372,Opal,OPAL
1373,Evimeria,EVI
1374,TrumpCoin,TRUMP
1375,Truckcoin,TRK
1376,CREA,CREA
1377,Bitmark,BTM
1378,Adzcoin,ADZ
1379,Fastcoin,FST
1380,Advanced Tech...,ARC
1381,bitBTC,BITBTC
1382,Tokia,TKA
1383,Bitcloud,BTDX
1384,Moin,MOIN
1385,Canada eCoin,CDN
1386,Etheriya,RIYA
1387,Live Stars,LIVE
1388,SHPING,SHPING
1389,PyrexCoin,PYX
1390,TagCoin,TAG
1391,CrowdWiz,WIZ
1392,HUZU,HUZU
1393,Digitalcoin,DGC
1394,Phoenixcoin,PXC
1395,EtherSportz,ESZ
1396,Bitradio,BRO
1397,BitBar,BTB
1398,Bitsum,BSM
1399,Advanced Inte...,AIB
1400,WELL,WELL
1401,Innova,INN
1402,Compound Coin,COMP
1403,Mithril Ore,MORE
1404,Tracto,TRCT
1405,Crave,CRAVE
1406,FirstCoin,FRST
1407,Freicoin,FRC
1408,Megacoin,MEC
1409,MarteXcoin,MXT
1410,HireMatch,HIRE
1411,Unitus,UIS
1412,Gapcoin,GAP
1413,iDealCash,DEAL
1414,Orbis Token,OBT
1415,Bitcoin Scrypt,BTCS
1416,BritCoin,BRIT
1417,PlatinumBAR,XPTX
1418,Ethereum Cash,ECASH
1419,PayCoin,XPY
1420,Joulecoin,XJO
1421,Bitcoin Adult,BTAD
1422,Speed Mining ...,SMS
1423,Ignition,IC
1424,CryCash,CRC
1425,Shadow Token,SHDW
1426,BBSCoin,BBS
1427,Musiconomi,MCI
1428,MagicCoin,MAGE
1429,Newton Coin P...,NCP
1430,CatoCoin,CATO
1431,Sola Token,SOL
1432,Jesus Coin,JC
1433,Sugar Exchange,SGR
1434,KZ Cash,KZC
1435,Elcoin,EL
1436,Knekted,KNT
1437,Blakecoin,BLC
1438,Origami,ORI
1439,Commercium,CMM
1440,HOdlcoin,HODL
1441,Regalcoin,REC
1442,Startcoin,START
1443,BrokerNekoNet...,BNN
1444,Bitcoin Fast,BCF
1445,Ultimate Secu...,USC
1446,Nerves,NER
1447,Piggycoin,PIGGY
1448,Triangles,TRI
1449,Escroco Emerald,ESCE
1450,Magi,XMG
1451,Tidex Token,TDX
1452,Digiwage,WAGE
1453,BTCtalkcoin,TALK
1454,Iridium,IRD
1455,PiplCoin,PIPL
1456,SagaCoin,SAGA
1457,BitStation,BSTN
1458,UltraCoin,UTC
1459,SGPay,SGP
1460,SuperCoin,SUPER
1461,SpreadCoin,SPR
1462,Wispr,WSP
1463,Dorado,DOR
1464,NetKoin,NTK
1465,Emerald Crypto,EMD
1466,iTicoin,ITI
1467,Billionaire T...,XBL
1468,Bitstar,BITS
1469,Bata,BTA
1470,LiteBar,LTB
1471,Golfcoin,GOLF
1472,Ratecoin,XRA
1473,ZeusNetwork,ZEUS
1474,vSlice,VSL
1475,Onix,ONX
1476,Marscoin,MARS
1477,WavesGo,WGO
1478,LanaCoin,LANA
1479,AdultChain,XXX
1480,Dystem,DTEM
1481,Nyancoin,NYAN
1482,ChessCoin,CHESS
1483,Halcyon,HAL
1484,Dragonglass,DGS
1485,Emphy,EPY
1486,VIVO,VIVO
1487,Rimbit,RBT
1488,Growers Inter...,GRWI
1489,Cream,CRM
1490,Ethereum Gold,ETG
1491,Rubies,RBIES
1492,DarexTravel,DART
1493,Bit20,BTWTY
1494,Creditbit,CRB
1495,Synergy,SNRG
1496,Titcoin,TIT
1497,Shekel,JEW
1498,Pure,PUREX
1499,Obsidian,ODN
1500,dietbitcoin,DDX
1501,EagleX,EGX
1502,Version,V
1503,Bitcoin W Spe...,BWS
1504,Bitcoin Red,BTCRED
1505,Mincoin,MNC
1506,OPCoinX,OPCX
1507,Crowdholding,YUP
1508,Darsek,KED
1509,Arepacoin,AREPA
1510,Viuly,VIU
1511,Local World F...,LWF
1512,ICO OpenLedger,ICOO
1513,AquariusCoin,ARCO
1514,Aricoin,ARI
1515,TOKYO,TOKC
1516,Netko,NETKO
1517,Masternodecoin,MTNC
1518,Joincoin,J
1519,Crystal Clear,CCT
1520,InsaneCoin,INSN
1521,Printex,PRTX
1522,SmartCoin,SMC
1523,Fantasy Cash,FANS
1524,Wild Crypto,WILD
1525,BlazeCoin,BLZ
1526,GlobalToken,GLT
1527,TEKcoin,TEK
1528,BLAST,BLAST
1529,Bitdeal,BDL
1530,GoldBlocks,GB
1531,VoteCoin,VOT
1532,Graphcoin,GRPH
1533,Pascal Lite,PASL
1534,KanadeCoin,KNDC
1535,UltraNote Coin,XUN
1536,Earth Token,EARTH
1537,Embers,MBRS
1538,Swing,SWING
1539,Signatum,SIGT
1540,Impact,IMX
1541,Zurcoin,ZUR
1542,Authorship,ATS
1543,EthBet,EBET
1544,Minereum,MNE
1545,Pakcoin,PAK
1546,SONDER,SNR
1547,Help The Home...,HTH
1548,Senderon,SDRN
1549,Quatloo,QTL
1550,Dix Asset,DIX
1551,Zoomba,ZBA
1552,Bitcoin 21,XBTC21
1553,Carebit,CARE
1554,IQ.cash,IQ
1555,Arion,ARION
1556,Cashcoin,CASH
1557,Honey,HONEY
1558,SecretCoin,SCRT
1559,Tokugawa,TOK
1560,Atheios,ATH
1561,Safe Trade Coin,XSTC
1562,Jin Coin,JIN
1563,300 Token,300
1564,GuccioneCoin,GCC
1565,BOAT,BOAT
1566,BigUp,BIGUP
1567,SAKECOIN,SAKE
1568,BoostCoin,BOST
1569,Coin(O),CNO
1570,Bolivarcoin,BOLI
1571,BERNcash,BERN
1572,Leviar,XLC
1573,FLiK,FLIK
1574,ParallelCoin,DUO
1575,MojoCoin,MOJO
1576,RevolverCoin,XRE
1577,SteepCoin,STEEP
1578,Accelerator N...,ACC
1579,Thunderstake,TSC
1580,GrandCoin,GDC
1581,IrishCoin,IRL
1582,Renos,RNS
1583,X-Coin,XCO
1584,iBTC,IBTC
1585,Evil Coin,EVIL
1586,GlobalBoost-Y,BSTY
1587,DROXNE,DRXNE
1588,Cryptojacks,CJ
1589,RonPaulCoin,RPC
1590,Kurrent,KURT
1591,8Bit,8BIT
1592,PureVidz,VIDZ
1593,Sparks,SPK
1594,Dollarcoin,DLC
1595,Cheesecoin,CHEESE
1596,Peerguess,GUESS
1597,SecureCoin,SRC
1598,Coin2.1,C2
1599,Bank Coin,BANK
1600,Master Swiscoin,MSCN
1601,Datacoin,DTC
1602,SmartFox,FOX
1603,FolmCoin,FLM
1604,PluraCoin,PLURA
1605,Garlicoin,GRLC
1606,JavaScript Token,JS
1607,Harvest Maste...,HC
1608,DeusCoin,DEUS
1609,Allion,ALL
1610,Trident Group,TRDT
1611,RedCoin,RED
1612,SoonCoin,SOON
1613,Digital Money...,DMB
1614,ACRE,ACRE
1615,EZOOW,EZW
1616,GreenMed,GRMD
1617,NevaCoin,NEVA
1618,Independent M...,IMS
1619,ParkByte,PKB
1620,CompuCoin,CPN
1621,Dreamcoin,DRM
1622,Eternity,ENT
1623,Quebecoin,QBC
1624,Fintab,FNTB
1625,AmsterdamCoin,AMS
1626,KingN Coin,KNC
1627,CoinonatX,XCXT
1628,Atomic Coin,ATOM
1629,HomeBlockCoin,HBC
1630,IXTUS Edutain...,IXE
1631,ZoZoCoin,ZZC
1632,Qbic,QBIC
1633,Theresa May Coin,MAY
1634,TajCoin,TAJ
1635,BumbaCoin,BUMBA
1636,Ammo Reloaded,AMMO
1637,Rhenium,XRH
1638,Archetypal Ne...,ACTP
1639,ConnectJob,CJT
1640,Acoin,ACOIN
1641,Litecred,LTCR
1642,GeyserCoin,GSR
1643,Centurion,CNT
1644,UralsCoin,URALS
1645,PostCoin,POST
1646,INDINODE,XIND
1647,BitCoin One,BTCONE
1648,Kubera Coin,KBR
1649,Eurocoin,EUC
1650,CryptoInsight,TKR
1651,Flaxscript,FLAX
1652,Eryllium,ERY
1653,High Voltage,HVCO
1654,C-Bit,XCT
1655,BitCoal,COAL
1656,BROTHER,BRAT
1657,Marijuanacoin,MAR
1658,Californium,CF
1659,Neuro,NRO
1660,JIYO,JIYOX
1661,SpeedCash,SCS
1662,PosEx,PEX
1663,Bitcoin Planet,BTPL
1664,GambleCoin,GMCN
1665,SOILcoin,SOIL
1666,Nekonium,NUKO
1667,Kronecoin,KRONE
1668,Zayedcoin,ZYD
1669,Cannation,CNNC
1670,Comet,CMT
1671,Virtacoin,VTA
1672,VectorAI,VEC2
1673,Bankcoin,B@
1674,Asiadigicoin,ADCN
1675,FuzzBalls,FUZZ
1676,ICOBID,ICOB
1677,Phantomx,PNX
1678,Polcoin,PLC
1679,Elysium,ELS
1680,Ragnarok,RAGNA
1681,Iconic,ICON
1682,Cyber Movie C...,CMCT
1683,BitQuark,BTQ
1684,Staker,STR
1685,MiloCoin,MILO
1686,Cabbage,CAB
1687,PoSToken,POS
1688,SocialCoin,SOCC
1689,Prime-XI,PXI
1690,Olympic,OLMP
1691,Pioneer Coin,PCOIN
1692,PLNcoin,PLNC
1693,Qurito,QURO
1694,Dalecoin,DALC
1695,iBank,IBANK
1696,PRCoin,PRC
1697,Jiyo [OLD],JIYO
1698,MustangCoin,MST
1699,EcoCoin,ECO
1700,BowsCoin,BSC
1701,Alpha Coin,APC
1702,Fujinto,NTO
1703,PlayerCoin,PLACO
1704,Luna Coin,LUNA
1705,Royal Kingdom...,RKC
1706,Dollar Online,DOLLAR
1707,Benz,BENZ
1708,ARbit,ARB
1709,Bitvolt,VOLT
1710,LiteCoin Ultra,LTCU
1711,Veltor,VLT
1712,DACH Coin,DACH
1713,Grimcoin,GRIM
1714,BenjiRolls,BENJI
1715,Wild Beast Block,WBB
1716,GeertCoin,GEERT
1717,Rocketcoin,ROCK
1718,AnarchistsPrime,ACP
1719,Concoin,CONX
1720,Bitspace,BSX
1721,Coinonat,CXT
1722,SongCoin,SONG
1723,Simmitri,SIM
1724,CrevaCoin,CREVA
1725,Coimatic 2.0,CTIC2
1726,Coupecoin,COUPE
1727,Save and Gain,SANDG
1728,Magnum,MGM
1729,Project-X,NANOX
1730,VapersCoin,VPRC
1731,PonziCoin,PONZI
1732,Coimatic 3.0,CTIC3
1733,Interzone,ITZ
1734,Ourcoin,OUR
1735,Argus,ARGUS
1736,POLY AI,AI
1737,HarmonyCoin,HMC
1738,YENTEN,YTN
1739,SHADE Token,SHADE
1740,CJs,CJS
1741,CK USD,CKUSD
1742,ZB,ZB
1743,Infinity Econ...,XIN
1744,Alibabacoin,ABBC
1745,HYCON,HYC
1746,BUMO,BU
1747,PLATINCOIN,PLC
1748,Machine Xchan...,MXC
1749,CWV Chain,CWV
1750,The Midas Tou...,TMTG
1751,PlayCoin [QRC20],PLY
1752,Filecoin [Fut...,FIL
1753,MIR COIN,MIR
1754,Project Pai,PAI
1755,Davinci Coin,DAC
1756,Ether Zero,ETZ
1757,Atlas Protocol,ATP
1758,DigiFinexToken,DFT
1759,DIPNET,DPN
1760,Lightning Bit...,LBTC
1761,Super Bitcoin,SBTC
1762,KNOW,KNOW
1763,EduCoin,EDU
1764,ShineChain,SHE
1765,LRM Coin,LRM
1766,Game Stars,GST
1767,HyperQuant,HQT
1768,DACC,DACC
1769,Consentium,CSM
1770,VestChain,VEST
1771,ONG,ONG
1772,VisionX,VNX
1773,HitChain,HIT
1774,MyToken,MT
1775,FairGame,FAIR
1776,TopChain,TOPC
1777,Molecular Future,MOF
1778,Bankera,BNK
1779,StarCoin,KST
1780,FuturoCoin,FTO
1781,MEX,MEX
1782,nOS,NOS
1783,Penta,PNT
1784,StarChain,STC
1785,UnlimitedIP,UIP
1786,Eligma Token,ELI
1787,FOIN,FOIN
1788,MicroBitcoin,MBC
1789,PalletOne,PTN
1790,LightChain,LIGHT
1791,Wiki Token,WIKI
1792,Volt,ACDC
1793,YOU COIN,YOU
1794,SegWit2x,B2X
1795,Smart Bitcoin,RBTC
1796,Essentia,ESS
1797,CARAT,CARAT
1798,InsurChain,INSUR
1799,WINCOIN,WC
1800,CoinMeet,MEET
1801,OFCOIN,OF
1802,BitUP Token,BUT
1803,United Bitcoin,UBTC
1804,Ubique Chain ...,UCT
1805,VeThor Token,VTHO
1806,Intelligent I...,IIC
1807,Carlive Chain,IOV
1808,WinToken,WIN
1809,Karatgold Coin,KBC
1810,Engine,EGCC
1811,Influence Chain,INC
1812,Themis,GET
1813,Hdac,HDAC
1814,BaaSid,BAAS
1815,CarBlock,CAR
1816,StockChain,SCC
1817,Alchemint Sta...,SDS
1818,Usechain Token,USE
1819,Moving Cloud ...,MCC
1820,Exchange Union,XUC
1821,MESSE TOKEN,MESSE
1822,International...,INCX
1823,ValueCyberToken,VCT
1824,Ti-Value,TV
1825,Globalvillage...,GVE
1826,ILCoin,ILC
1827,WETH,WETH
1828,YouLive Coin,UC
1829,InvestDigital,IDT
1830,Twinkle,TKT
1831,Esports Token,EST
1832,CHEX,CHEX
1833,empowr coin,EMPR
1834,BeeKan,BKBT
1835,Promotion Coin,PC
1836,KEY,KEY
1837,BitcoinX,BCX
1838,OceanChain,OC
1839,XRT Token,XRT
1840,Blockchain Qu...,BQT
1841,Atlantis Blue...,ABDT
1842,Experience Token,EXT
1843,Aidos Kuneen,ADK
1844,ThingsOperati...,TOS
1845,Master Contra...,MCT
1846,WeToken,WT
1847,IPChain,IPC
1848,WIZBL,WBL
1849,Yuan Chain Coin,YCC
1850,Couchain,COU
1851,FundToken,FUNDZ
1852,DasCoin,DASC
1853,Quasarcoin,QAC
1854,WXCOINS,WXC
1855,Pixie Coin,PXC
1856,Dragon Coins,DRG
1857,Coni,CONI
1858,MSD,MSD
1859,GSENetwork,GSE
1860,DEEX,DEEX
1861,Show,SHOW
1862,DWS,DWS
1863,GazeCoin,GZE
1864,BitCapitalVendor,BCV
1865,EJOY,EJOY
1866,DarkPayCoin,DKPC
1867,Spendcoin,SPND
1868,TCOIN,TCN
1869,Content and A...,CAN
1870,SEER,SEER
1871,NewsToken,NEWOS
1872,Bitcoin Zero,BZX
1873,vSportCoin,VSC
1874,EncryptoTel [...,ETT
1875,CariNet,CIT
1876,LemoChain,LEMO
1877,Ordocoin,RDC
1878,Read,READ
1879,MediBit,MEDIBIT
1880,Bitnation,XPAT
1881,ClubCoin,CLUB
1882,RRCoin,RRC
1883,Asura Coin,ASA
1884,Maggie,MAG
1885,Iconiq Lab Token,ICNQ
1886,KingXChain,KXC
1887,ShopZcoin,SZC
1888,ANON,ANON
1889,Crypto Harbor...,CHE
1890,Ultra Salescloud,UST
1891,CryptalDash,CRD
1892,OTCBTC Token,OTB
1893,eosBLACK,BLACK
1894,Social Lendin...,SLT
1895,Cybereits,CRE
1896,Pabyosi Coin ...,PCS
1897,Helper Search...,HSN
1898,COMSA [ETH],CMS
1899,Commerce Data...,CDC
1900,Jingtum Tech,SWTC
1901,PAWS Fund,PAWS
1902,Infinitecoin,IFC
1903,Animation Vis...,AVH
1904,COMSA [XEM],CMS
1905,Monero Classic,XMC
1906,Nuggets,NUG
1907,PayDay Coin,PDX
1908,Social Activi...,SAT
1909,EtherInc,ETI
1910,Golos Gold,GBG
1911,Celsius,CEL
1912,AWARE,AT
1913,CMITCOIN,CMIT
1914,Atidium,ATD
1915,Incodium,INCO
1916,First Bitcoin...,BITCF
1917,Alphabit,ABC
1918,Future1coin,F1C
1919,Minex,MINEX
1920,PlexCoin,PLX
1921,NAM COIN,NAM
1922,Graviocoin,GIO
1923,CryptopiaFeeS...,CEFS
1924,Lendroid Supp...,LST
1925,PressOne,PRS
1926,CEDEX Coin,CEDEX
1927,Bitcoin File,BIFI
1928,BitNautic Token,BTNT
1929,TeslaCoilCoin,TESLA
1930,MEET.ONE,MEETONE
1931,Alttex,ALTX
1932,Nerva,XNV
1933,Endorsit,EDS
1934,SoPay,SOP
1935,Bitcoin God,GOD
1936,BingoCoin,BOC
1937,SaveNode,SNO
1938,Hero,HERO
1939,CARDbuyers,BCARD
1940,Coin2Play,C2P
1941,VeriDocGlobal,VDG
1942,Rubex Money,RBMC
1943,EscrowCoin,ESCO
1944,BlockCDN,BCDN
1945,Sphre AIR,XID
1946,Candy,CANDY
1947,Valuto,VLU
1948,CORION,COR
1949,ORS Group,ORS
1950,Block-Logic,BLTG
1951,Elliot Coin,ELLI
1952,Noir,NOR
1953,GameChain System,GCS
1954,ACChain,ACC
1955,Monero Original,XMO
1956,Cobrabytes,COBRA
1957,Posscoin,POSS
1958,Qube,QUBE
1959,TerraNova,TER
1960,Invictus Hype...,IHF
1961,IDOL COIN,IDOL
1962,Hybrid Block,HYB
1963,EmberCoin,EMB
1964,Animecoin,ANI
1965,ContractNet,CNET
1966,Haracoin,HRC
1967,Cubits,QBT
1968,CapdaxToken,XCD
1969,Concierge Coin,CCC
1970,Fargocoin,FRGC
1971,PlusOneCoin,PLUS1
1972,SuperEdge,ECT
1973,Indicoin,INDI
1974,President Joh...,GARY
1975,XTRD,XTRD
1976,Pandemia,PNDM
1977,DynamicCoin,DMC
1978,RECORD,RCD
1979,Agrolot,AGLT
1980,Traid,TRAID
1981,President Trump,PRES
1982,SIGMAcoin,SIGMA
1983,Internet of T...,XOT
1984,wys Token,WYS
1985,ERA,ERA
1986,Bastonet,BSN
1987,Sakuracoin,SKR
1988,EPLUS Coin,EPLUS
1989,BlazerCoin,BLAZR
1990,TWIST,TWIST
1991,Civitas,CIV
1992,Mooncoin,MOON
1993,Superior Coin,SUP
1994,X12 Coin,X12
1995,Axiom,AXIOM
1996,Cropcoin,CROP
1997,Digital Asset...,DAXT
1998,Magnetcoin,MAGN
1999,Excaliburcoin,EXC
2000,Budbo,BUBO
2001,MobilinkToken,MOLK
2002,OmenCoin,OMEN
2003,Quotient,XQN
2004,RabbitCoin,RBBT
2005,Labh Coin,LABH
2006,Zealium,NZL
2007,Storjcoin X,SJCX
2008,HondaisCoin,HNDC
2009,Delizia,DELIZ
2010,Arbitracoin,ATC
2011,BetaCoin,BET
2012,First Bitcoin,BIT
2013,PROUD Money,PROUD
2014,MIRQ,MRQ
2015,YUKI,YUKI
2016,SONO,SONO
2017,Crypto Improv...,CIF
2018,EmaratCoin,AEC
2019,Bitbase,BTBc
2020,Infinipay,IFP
2021,CottonCoin,COTN
2022,Wi Coin,WIC
2023,BTCMoon,BTCM
2024,Adenz,DNZ
2025,Bubble,BUB
2026,GIGA,XG
2027,Ethereum Lite,ELITE
2028,Hyper Pay,HPY
2029,CommunityGene...,CGEN
2030,Birds,BIRDS
2031,EA Coin,EAG
2032,STEX,STEX
2033,Mero,MERO
2034,BFFDoom,BFF
2035,OBXcoin,OBX
2036,Centaure,CEN
2037,CoffeeCoin,CFC
2038,AvatarCoin,AV
2039,Francs,FRN
2040,Aces,ACES
2041,Tellurion,TELL
2042,Halloween Coin,HALLO
2043,ZenGold,ZENGOLD
2044,Wink,WINK
2045,iQuant,IQT
2046,Dutch Coin,DUTCH
2047,Runners,RUNNERS
2048,NEO GOLD,NEOG
2049,GOLD Reward T...,GRX
2050,ValueChain,VLC
2051,SnipCoin,SNIP
2052,SalPay,SAL
2053,FCoin Token,FT
2054,CoinEx Token,CET
2055,Rocket Pool,RPL
2056,Luna Stars,LSTR
2057,Pecunio,PCO
2058,Obitan Chain,OBTC
2059,Smart Applica...,SAC
2060,Trendercoin,TDC
2061,ABCC Token,AT
2062,ALLCOIN,ALC
2063,Vestoria,VSTR
2064,ZTCoin,ZT
2065,Dragon Token,DT
2066,APOT,APOT
2067,Bgogo Token,BGG
2068,EtherDelta Token,EDT
